{
    "rmse": 0.6752626402541271,
    "mae": 0.5289176066238714,
    "r2": 0.23873344743440927
}