{
    "rmse": 0.7015396622791787,
    "mae": 0.5564042405955515,
    "r2": 0.2439898267060412
}