{
    "rmse": 0.6558278082817556,
    "mae": 0.5321999104780388,
    "r2": 0.3139916039464874
}